question,k,gold_chunk_ids,retrieved_chunk_ids,first_hit_rank,hit,hit_rate
这段内容主要讲解的是什么规则？,1,PPT_StewartCalcET7e_03_02_page_007_p7_c0,PPT_BaharMartonosi_page_006_p6_c0,0,False,0.0
这段内容主要讲解的是什么规则？,3,PPT_StewartCalcET7e_03_02_page_007_p7_c0,"PPT_BaharMartonosi_page_006_p6_c0,PPT_1001115_eng_page_015_p15_c0,PPT_PresentationSpecification_page_010_p10_c0",0,False,0.0
这段内容主要讲解的是什么规则？,5,PPT_StewartCalcET7e_03_02_page_007_p7_c0,"PPT_BaharMartonosi_page_006_p6_c0,PPT_1001115_eng_page_015_p15_c0,PPT_PresentationSpecification_page_010_p10_c0,PPT_all655920_page_002_p2_c0,PPT_lay_linalg5_01_05_page_009_p9_c2",0,False,0.0
这个例子中的问题编号是什么？,1,PPT_StewartCalcET7e_03_02_page_010_p10_c0,PPT_BaharMartonosi_page_006_p6_c0,0,False,0.0
这个例子中的问题编号是什么？,3,PPT_StewartCalcET7e_03_02_page_010_p10_c0,"PPT_BaharMartonosi_page_006_p6_c0,PPT_B14_Claeys_Consistent Presentation of Images_v2_page_006_p6_c0,PPT_1001115_eng_page_015_p15_c0",0,False,0.0
这个例子中的问题编号是什么？,5,PPT_StewartCalcET7e_03_02_page_010_p10_c0,"PPT_BaharMartonosi_page_006_p6_c0,PPT_B14_Claeys_Consistent Presentation of Images_v2_page_006_p6_c0,PPT_1001115_eng_page_015_p15_c0,PPT_CalculusReview_page_009_p9_c0,PPT_lay_linalg5_01_05_page_009_p9_c2",0,False,0.0
该问题的解答过程是怎样的？,1,PPT_StewartCalcET7e_03_02_page_010_p10_c0,PPT_BaharMartonosi_page_006_p6_c0,0,False,0.0
该问题的解答过程是怎样的？,3,PPT_StewartCalcET7e_03_02_page_010_p10_c0,"PPT_BaharMartonosi_page_006_p6_c0,PPT_BaharMartonosi_page_006_p6_c1,PPT_lecture1_page_009_p9_c0",0,False,0.0
该问题的解答过程是怎样的？,5,PPT_StewartCalcET7e_03_02_page_010_p10_c0,"PPT_BaharMartonosi_page_006_p6_c0,PPT_BaharMartonosi_page_006_p6_c1,PPT_lecture1_page_009_p9_c0,PPT_fundamental_theorem_of_calculus___page_002_p2_c0,PPT_ch7_page_021_p21_c1",0,False,0.0
求导过程中使用了哪种规则？,1,PPT_StewartCalcET7e_03_02_page_010_p10_c0,PPT_CalculusReview_page_002_p2_c0,0,False,0.0
求导过程中使用了哪种规则？,3,PPT_StewartCalcET7e_03_02_page_010_p10_c0,"PPT_CalculusReview_page_002_p2_c0,PPT_CalculusReview_page_004_p4_c0,PPT_StewartCalcET7e_03_02_page_012_p12_c0",0,False,0.0
求导过程中使用了哪种规则？,5,PPT_StewartCalcET7e_03_02_page_010_p10_c0,"PPT_CalculusReview_page_002_p2_c0,PPT_CalculusReview_page_004_p4_c0,PPT_StewartCalcET7e_03_02_page_012_p12_c0,PPT_StewartCalcET7e_03_02_page_014_p14_c0,PPT_CalculusReview_page_014_p14_c0",0,False,0.0
为什么在矩阵乘法中必须非常仔细地注意因子的顺序？,1,PPT_ch7_page_020_p20_c0,PPT_ch7_page_030_p30_c0,0,False,0.0
为什么在矩阵乘法中必须非常仔细地注意因子的顺序？,3,PPT_ch7_page_020_p20_c0,"PPT_ch7_page_030_p30_c0,PPT_ch7_page_021_p21_c0,PPT_ch7_page_021_p21_c1",0,False,0.0
为什么在矩阵乘法中必须非常仔细地注意因子的顺序？,5,PPT_ch7_page_020_p20_c0,"PPT_ch7_page_030_p30_c0,PPT_ch7_page_021_p21_c0,PPT_ch7_page_021_p21_c1,PPT_ch7_page_035_p35_c2,PPT_ch7_page_035_p35_c0",0,False,0.0
哪一项公式展示了矩阵乘法的结合律？,1,PPT_ch7_page_020_p20_c0,PPT_ch7_page_020_p20_c1,0,False,0.0
哪一项公式展示了矩阵乘法的结合律？,3,PPT_ch7_page_020_p20_c0,"PPT_ch7_page_020_p20_c1,PPT_ch7_page_030_p30_c0,PPT_ch7_page_021_p21_c0",0,False,0.0
哪一项公式展示了矩阵乘法的结合律？,5,PPT_ch7_page_020_p20_c0,"PPT_ch7_page_020_p20_c1,PPT_ch7_page_030_p30_c0,PPT_ch7_page_021_p21_c0,PPT_ch7_page_020_p20_c0,PPT_ch7_page_030_p30_c1",4,True,1.0
这一步骤的目的是将哪个变量的系数从2改为1？,1,PPT_lecture1_page_009_p9_c0,PPT_1001115_eng_page_015_p15_c0,0,False,0.0
这一步骤的目的是将哪个变量的系数从2改为1？,3,PPT_lecture1_page_009_p9_c0,"PPT_1001115_eng_page_015_p15_c0,PPT_lecture1_page_009_p9_c0,PPT_CalculusReview_page_009_p9_c0",2,True,1.0
这一步骤的目的是将哪个变量的系数从2改为1？,5,PPT_lecture1_page_009_p9_c0,"PPT_1001115_eng_page_015_p15_c0,PPT_lecture1_page_009_p9_c0,PPT_CalculusReview_page_009_p9_c0,PPT_ch7_page_035_p35_c2,PPT_CalculusReview_page_002_p2_c0",2,True,1.0
这段文字的标题是什么？,1,PPT_8076_MEYER_Chapter_2_-_Language_Change_page_017_p17_c0,PPT_BaharMartonosi_page_006_p6_c0,0,False,0.0
这段文字的标题是什么？,3,PPT_8076_MEYER_Chapter_2_-_Language_Change_page_017_p17_c0,"PPT_BaharMartonosi_page_006_p6_c0,PPT_1001115_eng_page_015_p15_c0,PPT_1001115_eng_page_003_p3_c0",0,False,0.0
这段文字的标题是什么？,5,PPT_8076_MEYER_Chapter_2_-_Language_Change_page_017_p17_c0,"PPT_BaharMartonosi_page_006_p6_c0,PPT_1001115_eng_page_015_p15_c0,PPT_1001115_eng_page_003_p3_c0,PPT_all655920_page_001_p1_c0,PPT_PresentationSpecification_page_010_p10_c0",0,False,0.0
这份资料的标题是什么？,1,PPT_B14_Claeys_Consistent Presentation of Images_v2_page_006_p6_c0,PPT_BaharMartonosi_page_006_p6_c0,0,False,0.0
这份资料的标题是什么？,3,PPT_B14_Claeys_Consistent Presentation of Images_v2_page_006_p6_c0,"PPT_BaharMartonosi_page_006_p6_c0,PPT_BaharMartonosi_page_007_p7_c0,PPT_PresentationSpecification_page_007_p7_c0",0,False,0.0
这份资料的标题是什么？,5,PPT_B14_Claeys_Consistent Presentation of Images_v2_page_006_p6_c0,"PPT_BaharMartonosi_page_006_p6_c0,PPT_BaharMartonosi_page_007_p7_c0,PPT_PresentationSpecification_page_007_p7_c0,PPT_1001115_eng_page_015_p15_c0,PPT_all655920_page_003_p3_c0",0,False,0.0
语言教师评估主要依据什么因素？,1,PPT_11.2013EvaluatingTraineeteacherproficiency_page_010_p10_c0,PPT_11.2013EvaluatingTraineeteacherproficiency_page_010_p10_c0,1,True,1.0
语言教师评估主要依据什么因素？,3,PPT_11.2013EvaluatingTraineeteacherproficiency_page_010_p10_c0,"PPT_11.2013EvaluatingTraineeteacherproficiency_page_010_p10_c0,PPT_13 fallacies LALT2012_page_009_p9_c0,PPT_11.2013EvaluatingTraineeteacherproficiency_page_029_p29_c0",1,True,1.0
语言教师评估主要依据什么因素？,5,PPT_11.2013EvaluatingTraineeteacherproficiency_page_010_p10_c0,"PPT_11.2013EvaluatingTraineeteacherproficiency_page_010_p10_c0,PPT_13 fallacies LALT2012_page_009_p9_c0,PPT_11.2013EvaluatingTraineeteacherproficiency_page_029_p29_c0,PPT_13 fallacies LALT2012_page_009_p9_c2,PPT_13 fallacies LALT2012_page_009_p9_c1",1,True,1.0
这段文字开头提到的标题是什么？,1,PPT_1001115_eng_page_003_p3_c0,PPT_BaharMartonosi_page_006_p6_c0,0,False,0.0
这段文字开头提到的标题是什么？,3,PPT_1001115_eng_page_003_p3_c0,"PPT_BaharMartonosi_page_006_p6_c0,PPT_1001115_eng_page_015_p15_c0,PPT_1001115_eng_page_003_p3_c0",3,True,1.0
这段文字开头提到的标题是什么？,5,PPT_1001115_eng_page_003_p3_c0,"PPT_BaharMartonosi_page_006_p6_c0,PPT_1001115_eng_page_015_p15_c0,PPT_1001115_eng_page_003_p3_c0,PPT_EnglishtoAmericanTransition_page_017_p17_c0,PPT_PresentationSpecification_page_010_p10_c0",3,True,1.0
该文档的标题是什么？,1,PPT_1001115_eng_page_015_p15_c0,PPT_BaharMartonosi_page_006_p6_c0,0,False,0.0
该文档的标题是什么？,3,PPT_1001115_eng_page_015_p15_c0,"PPT_BaharMartonosi_page_006_p6_c0,PPT_1001115_eng_page_015_p15_c0,PPT_1001115_eng_page_003_p3_c0",2,True,1.0
该文档的标题是什么？,5,PPT_1001115_eng_page_015_p15_c0,"PPT_BaharMartonosi_page_006_p6_c0,PPT_1001115_eng_page_015_p15_c0,PPT_1001115_eng_page_003_p3_c0,PPT_PresentationSpecification_page_010_p10_c0,PPT_all655920_page_003_p3_c0",2,True,1.0
这段文字的标题是什么？,1,PPT_EnglishtoAmericanTransition_page_017_p17_c0,PPT_BaharMartonosi_page_006_p6_c0,0,False,0.0
这段文字的标题是什么？,3,PPT_EnglishtoAmericanTransition_page_017_p17_c0,"PPT_BaharMartonosi_page_006_p6_c0,PPT_1001115_eng_page_015_p15_c0,PPT_1001115_eng_page_003_p3_c0",0,False,0.0
这段文字的标题是什么？,5,PPT_EnglishtoAmericanTransition_page_017_p17_c0,"PPT_BaharMartonosi_page_006_p6_c0,PPT_1001115_eng_page_015_p15_c0,PPT_1001115_eng_page_003_p3_c0,PPT_all655920_page_001_p1_c0,PPT_PresentationSpecification_page_010_p10_c0",0,False,0.0
这段资料的图表标题是什么？,1,PPT_B14_Claeys_Consistent Presentation of Images_v2_page_010_p10_c0,PPT_BaharMartonosi_page_006_p6_c0,0,False,0.0
这段资料的图表标题是什么？,3,PPT_B14_Claeys_Consistent Presentation of Images_v2_page_010_p10_c0,"PPT_BaharMartonosi_page_006_p6_c0,PPT_BaharMartonosi_page_007_p7_c0,PPT_CalculusReview_page_009_p9_c0",0,False,0.0
这段资料的图表标题是什么？,5,PPT_B14_Claeys_Consistent Presentation of Images_v2_page_010_p10_c0,"PPT_BaharMartonosi_page_006_p6_c0,PPT_BaharMartonosi_page_007_p7_c0,PPT_CalculusReview_page_009_p9_c0,PPT_1001115_eng_page_015_p15_c0,PPT_PresentationSpecification_page_010_p10_c0",0,False,0.0
这段内容的标题是什么？,1,PPT_BaharMartonosi_page_008_p8_c0,PPT_BaharMartonosi_page_006_p6_c0,0,False,0.0
这段内容的标题是什么？,3,PPT_BaharMartonosi_page_008_p8_c0,"PPT_BaharMartonosi_page_006_p6_c0,PPT_1001115_eng_page_015_p15_c0,PPT_1001115_eng_page_003_p3_c0",0,False,0.0
这段内容的标题是什么？,5,PPT_BaharMartonosi_page_008_p8_c0,"PPT_BaharMartonosi_page_006_p6_c0,PPT_1001115_eng_page_015_p15_c0,PPT_1001115_eng_page_003_p3_c0,PPT_PresentationSpecification_page_010_p10_c0,PPT_BaharMartonosi_page_007_p7_c0",0,False,0.0
这段文字的标题是什么？,1,PPT_english-studies-s6-on-the-road-resource-3_page_002_p2_c0,PPT_BaharMartonosi_page_006_p6_c0,0,False,0.0
这段文字的标题是什么？,3,PPT_english-studies-s6-on-the-road-resource-3_page_002_p2_c0,"PPT_BaharMartonosi_page_006_p6_c0,PPT_1001115_eng_page_015_p15_c0,PPT_1001115_eng_page_003_p3_c0",0,False,0.0
这段文字的标题是什么？,5,PPT_english-studies-s6-on-the-road-resource-3_page_002_p2_c0,"PPT_BaharMartonosi_page_006_p6_c0,PPT_1001115_eng_page_015_p15_c0,PPT_1001115_eng_page_003_p3_c0,PPT_all655920_page_001_p1_c0,PPT_PresentationSpecification_page_010_p10_c0",0,False,0.0
这段内容主要说明了什么学习目标？,1,PPT_english-studies-s6-on-the-road-resource-3_page_002_p2_c0,PPT_BaharMartonosi_page_006_p6_c0,0,False,0.0
这段内容主要说明了什么学习目标？,3,PPT_english-studies-s6-on-the-road-resource-3_page_002_p2_c0,"PPT_BaharMartonosi_page_006_p6_c0,PPT_english-studies-s6-on-the-road-resource-3_page_002_p2_c0,PPT_all655920_page_002_p2_c0",2,True,1.0
这段内容主要说明了什么学习目标？,5,PPT_english-studies-s6-on-the-road-resource-3_page_002_p2_c0,"PPT_BaharMartonosi_page_006_p6_c0,PPT_english-studies-s6-on-the-road-resource-3_page_002_p2_c0,PPT_all655920_page_002_p2_c0,PPT_BaharMartonosi_page_007_p7_c0,PPT_The Right Moves_page_024_p24_c0",2,True,1.0
本模块中学生需要分析和讨论哪些内容？,1,PPT_english-studies-s6-on-the-road-resource-3_page_002_p2_c0,PPT_english-studies-s6-on-the-road-resource-3_page_002_p2_c0,1,True,1.0
本模块中学生需要分析和讨论哪些内容？,3,PPT_english-studies-s6-on-the-road-resource-3_page_002_p2_c0,"PPT_english-studies-s6-on-the-road-resource-3_page_002_p2_c0,PPT_all655920_page_002_p2_c0,PPT_PresentationSpecification_page_025_p25_c0",1,True,1.0
本模块中学生需要分析和讨论哪些内容？,5,PPT_english-studies-s6-on-the-road-resource-3_page_002_p2_c0,"PPT_english-studies-s6-on-the-road-resource-3_page_002_p2_c0,PPT_all655920_page_002_p2_c0,PPT_PresentationSpecification_page_025_p25_c0,PPT_PresentationSpecification_page_010_p10_c0,PPT_PresentationSpecification_page_007_p7_c0",1,True,1.0
这段文字的标题是什么？,1,PPT_1637904769_page_017_p17_c0,PPT_BaharMartonosi_page_006_p6_c0,0,False,0.0
这段文字的标题是什么？,3,PPT_1637904769_page_017_p17_c0,"PPT_BaharMartonosi_page_006_p6_c0,PPT_1001115_eng_page_015_p15_c0,PPT_1001115_eng_page_003_p3_c0",0,False,0.0
这段文字的标题是什么？,5,PPT_1637904769_page_017_p17_c0,"PPT_BaharMartonosi_page_006_p6_c0,PPT_1001115_eng_page_015_p15_c0,PPT_1001115_eng_page_003_p3_c0,PPT_all655920_page_001_p1_c0,PPT_PresentationSpecification_page_010_p10_c0",0,False,0.0
在高斯消元法结束前进行回代之前，增广矩阵会变成什么形式？,1,PPT_ch7_page_053_p53_c0,PPT_ch7_page_053_p53_c0,1,True,1.0
在高斯消元法结束前进行回代之前，增广矩阵会变成什么形式？,3,PPT_ch7_page_053_p53_c0,"PPT_ch7_page_053_p53_c0,PPT_ch7_page_035_p35_c0,PPT_ch7_page_035_p35_c2",1,True,1.0
在高斯消元法结束前进行回代之前，增广矩阵会变成什么形式？,5,PPT_ch7_page_053_p53_c0,"PPT_ch7_page_053_p53_c0,PPT_ch7_page_035_p35_c0,PPT_ch7_page_035_p35_c2,PPT_ch7_page_035_p35_c1,PPT_lecture1_page_009_p9_c0",1,True,1.0
经过大量代数运算后，结果可能会接近什么样的表达式？,1,PPT_fundamental_theorem_of_calculus___page_006_p6_c0,PPT_fundamental_theorem_of_calculus___page_006_p6_c0,1,True,1.0
经过大量代数运算后，结果可能会接近什么样的表达式？,3,PPT_fundamental_theorem_of_calculus___page_006_p6_c0,"PPT_fundamental_theorem_of_calculus___page_006_p6_c0,PPT_lecture1_page_009_p9_c0,PPT_ch7_page_053_p53_c0",1,True,1.0
经过大量代数运算后，结果可能会接近什么样的表达式？,5,PPT_fundamental_theorem_of_calculus___page_006_p6_c0,"PPT_fundamental_theorem_of_calculus___page_006_p6_c0,PPT_lecture1_page_009_p9_c0,PPT_ch7_page_053_p53_c0,PPT_fundamental_theorem_of_calculus___page_002_p2_c0,PPT_CalculusReview_page_002_p2_c0",1,True,1.0
这段内容主要讨论的是什么数学概念？,1,PPT_CalculusReview_page_004_p4_c0,PPT_BaharMartonosi_page_006_p6_c0,0,False,0.0
这段内容主要讨论的是什么数学概念？,3,PPT_CalculusReview_page_004_p4_c0,"PPT_BaharMartonosi_page_006_p6_c0,PPT_CalculusReview_page_009_p9_c0,PPT_1001115_eng_page_003_p3_c0",0,False,0.0
这段内容主要讨论的是什么数学概念？,5,PPT_CalculusReview_page_004_p4_c0,"PPT_BaharMartonosi_page_006_p6_c0,PPT_CalculusReview_page_009_p9_c0,PPT_1001115_eng_page_003_p3_c0,PPT_fundamental_theorem_of_calculus___page_002_p2_c0,PPT_1001115_eng_page_015_p15_c0",0,False,0.0
这段文字开头提出的问题是什么？,1,PPT_MMAT5390Lecture1_page_023_p23_c0,PPT_BaharMartonosi_page_006_p6_c0,0,False,0.0
这段文字开头提出的问题是什么？,3,PPT_MMAT5390Lecture1_page_023_p23_c0,"PPT_BaharMartonosi_page_006_p6_c0,PPT_1001115_eng_page_015_p15_c0,PPT_EnglishtoAmericanTransition_page_017_p17_c0",0,False,0.0
这段文字开头提出的问题是什么？,5,PPT_MMAT5390Lecture1_page_023_p23_c0,"PPT_BaharMartonosi_page_006_p6_c0,PPT_1001115_eng_page_015_p15_c0,PPT_EnglishtoAmericanTransition_page_017_p17_c0,PPT_all655920_page_001_p1_c0,PPT_1001115_eng_page_003_p3_c0",0,False,0.0
哪一句说明了进一步应用乘积法则的结果？,1,PPT_StewartCalcET7e_03_02_page_012_p12_c0,PPT_ch7_page_020_p20_c1,0,False,0.0
哪一句说明了进一步应用乘积法则的结果？,3,PPT_StewartCalcET7e_03_02_page_012_p12_c0,"PPT_ch7_page_020_p20_c1,PPT_ch7_page_030_p30_c0,PPT_CalculusReview_page_002_p2_c0",0,False,0.0
哪一句说明了进一步应用乘积法则的结果？,5,PPT_StewartCalcET7e_03_02_page_012_p12_c0,"PPT_ch7_page_020_p20_c1,PPT_ch7_page_030_p30_c0,PPT_CalculusReview_page_002_p2_c0,PPT_StewartCalcET7e_03_02_page_012_p12_c0,PPT_CalculusReview_page_009_p9_c0",4,True,1.0
这段文字主要讨论的是什么数学概念？,1,PPT_lecture1_page_005_p5_c0,PPT_BaharMartonosi_page_006_p6_c0,0,False,0.0
这段文字主要讨论的是什么数学概念？,3,PPT_lecture1_page_005_p5_c0,"PPT_BaharMartonosi_page_006_p6_c0,PPT_CalculusReview_page_009_p9_c0,PPT_1001115_eng_page_003_p3_c0",0,False,0.0
这段文字主要讨论的是什么数学概念？,5,PPT_lecture1_page_005_p5_c0,"PPT_BaharMartonosi_page_006_p6_c0,PPT_CalculusReview_page_009_p9_c0,PPT_1001115_eng_page_003_p3_c0,PPT_CalculusReview_page_002_p2_c0,PPT_B14_Claeys_Consistent Presentation of Images_v2_page_024_p24_c1",0,False,0.0
文中提到的例子是用来说明什么概念的？,1,PPT_lecture1_page_005_p5_c0,PPT_BaharMartonosi_page_006_p6_c0,0,False,0.0
文中提到的例子是用来说明什么概念的？,3,PPT_lecture1_page_005_p5_c0,"PPT_BaharMartonosi_page_006_p6_c0,PPT_EnglishtoAmericanTransition_page_017_p17_c0,PPT_13 fallacies LALT2012_page_010_p10_c0",0,False,0.0
文中提到的例子是用来说明什么概念的？,5,PPT_lecture1_page_005_p5_c0,"PPT_BaharMartonosi_page_006_p6_c0,PPT_EnglishtoAmericanTransition_page_017_p17_c0,PPT_13 fallacies LALT2012_page_010_p10_c0,PPT_CalculusReview_page_009_p9_c0,PPT_BaharMartonosi_page_005_p5_c0",0,False,0.0
这段文字中提到的方程组涉及哪些变量？,1,PPT_lecture1_page_005_p5_c0,PPT_lecture1_page_005_p5_c0,1,True,1.0
这段文字中提到的方程组涉及哪些变量？,3,PPT_lecture1_page_005_p5_c0,"PPT_lecture1_page_005_p5_c0,PPT_lecture1_page_005_p5_c1,PPT_CalculusReview_page_009_p9_c0",1,True,1.0
这段文字中提到的方程组涉及哪些变量？,5,PPT_lecture1_page_005_p5_c0,"PPT_lecture1_page_005_p5_c0,PPT_lecture1_page_005_p5_c1,PPT_CalculusReview_page_009_p9_c0,PPT_ch7_page_057_p57_c1,PPT_lay_linalg5_01_05_page_005_p5_c0",1,True,1.0
联邦援助的受益人可能包括哪些机构？,1,PPT_LEP power point presentation-English-FINAL-10-31-07_page_006_p6_c0,PPT_LEP power point presentation-English-FINAL-10-31-07_page_006_p6_c0,1,True,1.0
联邦援助的受益人可能包括哪些机构？,3,PPT_LEP power point presentation-English-FINAL-10-31-07_page_006_p6_c0,"PPT_LEP power point presentation-English-FINAL-10-31-07_page_006_p6_c0,PPT_LEP power point presentation-English-FINAL-10-31-07_page_006_p6_c1,PPT_LEP power point presentation-English-FINAL-10-31-07_page_006_p6_c2",1,True,1.0
联邦援助的受益人可能包括哪些机构？,5,PPT_LEP power point presentation-English-FINAL-10-31-07_page_006_p6_c0,"PPT_LEP power point presentation-English-FINAL-10-31-07_page_006_p6_c0,PPT_LEP power point presentation-English-FINAL-10-31-07_page_006_p6_c1,PPT_LEP power point presentation-English-FINAL-10-31-07_page_006_p6_c2,PPT_LEP power point presentation-English-FINAL-10-31-07_page_008_p8_c0,PPT_LEP power point presentation-English-FINAL-10-31-07_page_006_p6_c3",1,True,1.0
联邦资金传递给子受助者时是否也包含在覆盖范围内？,1,PPT_LEP power point presentation-English-FINAL-10-31-07_page_006_p6_c0,PPT_LEP power point presentation-English-FINAL-10-31-07_page_006_p6_c0,1,True,1.0
联邦资金传递给子受助者时是否也包含在覆盖范围内？,3,PPT_LEP power point presentation-English-FINAL-10-31-07_page_006_p6_c0,"PPT_LEP power point presentation-English-FINAL-10-31-07_page_006_p6_c0,PPT_LEP power point presentation-English-FINAL-10-31-07_page_006_p6_c2,PPT_LEP power point presentation-English-FINAL-10-31-07_page_006_p6_c1",1,True,1.0
联邦资金传递给子受助者时是否也包含在覆盖范围内？,5,PPT_LEP power point presentation-English-FINAL-10-31-07_page_006_p6_c0,"PPT_LEP power point presentation-English-FINAL-10-31-07_page_006_p6_c0,PPT_LEP power point presentation-English-FINAL-10-31-07_page_006_p6_c2,PPT_LEP power point presentation-English-FINAL-10-31-07_page_006_p6_c1,PPT_LEP power point presentation-English-FINAL-10-31-07_page_006_p6_c3,PPT_LEP power point presentation-English-FINAL-10-31-07_page_008_p8_c0",1,True,1.0
考试的形式是书面还是口头？,1,PPT_all655920_page_001_p1_c0,PPT_all655920_page_001_p1_c0,1,True,1.0
考试的形式是书面还是口头？,3,PPT_all655920_page_001_p1_c0,"PPT_all655920_page_001_p1_c0,PPT_all655920_page_003_p3_c0,PPT_PresentationSpecification_page_010_p10_c0",1,True,1.0
考试的形式是书面还是口头？,5,PPT_all655920_page_001_p1_c0,"PPT_all655920_page_001_p1_c0,PPT_all655920_page_003_p3_c0,PPT_PresentationSpecification_page_010_p10_c0,PPT_PresentationSpecification_page_025_p25_c0,PPT_all655920_page_002_p2_c0",1,True,1.0
中级考试需要回答哪些类型的问题？,1,PPT_all655920_page_001_p1_c0,PPT_all655920_page_001_p1_c0,1,True,1.0
中级考试需要回答哪些类型的问题？,3,PPT_all655920_page_001_p1_c0,"PPT_all655920_page_001_p1_c0,PPT_all655920_page_002_p2_c0,PPT_PresentationSpecification_page_010_p10_c0",1,True,1.0
中级考试需要回答哪些类型的问题？,5,PPT_all655920_page_001_p1_c0,"PPT_all655920_page_001_p1_c0,PPT_all655920_page_002_p2_c0,PPT_PresentationSpecification_page_010_p10_c0,PPT_Transfer-Orientation-2012_page_004_p4_c0,PPT_english-studies-s6-on-the-road-resource-3_page_002_p2_c0",1,True,1.0
高级考试要求考生如何处理文章内容？,1,PPT_all655920_page_001_p1_c0,PPT_all655920_page_001_p1_c0,1,True,1.0
高级考试要求考生如何处理文章内容？,3,PPT_all655920_page_001_p1_c0,"PPT_all655920_page_001_p1_c0,PPT_Transfer-Orientation-2012_page_004_p4_c0,PPT_all655920_page_002_p2_c0",1,True,1.0
高级考试要求考生如何处理文章内容？,5,PPT_all655920_page_001_p1_c0,"PPT_all655920_page_001_p1_c0,PPT_Transfer-Orientation-2012_page_004_p4_c0,PPT_all655920_page_002_p2_c0,PPT_The Right Moves_page_010_p10_c0,PPT_The Right Moves_page_024_p24_c0",1,True,1.0
本文讨论的主题是什么？,1,PPT_1001115_eng_page_005_p5_c0,PPT_BaharMartonosi_page_006_p6_c0,0,False,0.0
本文讨论的主题是什么？,3,PPT_1001115_eng_page_005_p5_c0,"PPT_BaharMartonosi_page_006_p6_c0,PPT_1001115_eng_page_003_p3_c0,PPT_BaharMartonosi_page_007_p7_c0",0,False,0.0
本文讨论的主题是什么？,5,PPT_1001115_eng_page_005_p5_c0,"PPT_BaharMartonosi_page_006_p6_c0,PPT_1001115_eng_page_003_p3_c0,PPT_BaharMartonosi_page_007_p7_c0,PPT_B14_Claeys_Consistent Presentation of Images_v2_page_024_p24_c1,PPT_PresentationSpecification_page_007_p7_c0",0,False,0.0
这篇文章的结论部分标题是什么？,1,PPT_13 fallacies LALT2012_page_009_p9_c0,PPT_BaharMartonosi_page_006_p6_c0,0,False,0.0
这篇文章的结论部分标题是什么？,3,PPT_13 fallacies LALT2012_page_009_p9_c0,"PPT_BaharMartonosi_page_006_p6_c0,PPT_BaharMartonosi_page_007_p7_c0,PPT_all655920_page_001_p1_c0",0,False,0.0
这篇文章的结论部分标题是什么？,5,PPT_13 fallacies LALT2012_page_009_p9_c0,"PPT_BaharMartonosi_page_006_p6_c0,PPT_BaharMartonosi_page_007_p7_c0,PPT_all655920_page_001_p1_c0,PPT_PresentationSpecification_page_010_p10_c0,PPT_PresentationSpecification_page_007_p7_c0",0,False,0.0
文中提到的哪种观念被视为语言中心主义和民族中心主义的体现？,1,PPT_13 fallacies LALT2012_page_009_p9_c0,PPT_13 fallacies LALT2012_page_009_p9_c0,1,True,1.0
文中提到的哪种观念被视为语言中心主义和民族中心主义的体现？,3,PPT_13 fallacies LALT2012_page_009_p9_c0,"PPT_13 fallacies LALT2012_page_009_p9_c0,PPT_1637904769_page_017_p17_c0,PPT_13 fallacies LALT2012_page_009_p9_c2",1,True,1.0
文中提到的哪种观念被视为语言中心主义和民族中心主义的体现？,5,PPT_13 fallacies LALT2012_page_009_p9_c0,"PPT_13 fallacies LALT2012_page_009_p9_c0,PPT_1637904769_page_017_p17_c0,PPT_13 fallacies LALT2012_page_009_p9_c2,PPT_Keuk Chan Narith_page_009_p9_c0,PPT_13 fallacies LALT2012_page_010_p10_c0",1,True,1.0
文中提到的哪种态度导致了对非母语英语变体的排斥？,1,PPT_13 fallacies LALT2012_page_009_p9_c0,PPT_13 fallacies LALT2012_page_009_p9_c0,1,True,1.0
文中提到的哪种态度导致了对非母语英语变体的排斥？,3,PPT_13 fallacies LALT2012_page_009_p9_c0,"PPT_13 fallacies LALT2012_page_009_p9_c0,PPT_13 fallacies LALT2012_page_009_p9_c2,PPT_13 fallacies LALT2012_page_010_p10_c0",1,True,1.0
文中提到的哪种态度导致了对非母语英语变体的排斥？,5,PPT_13 fallacies LALT2012_page_009_p9_c0,"PPT_13 fallacies LALT2012_page_009_p9_c0,PPT_13 fallacies LALT2012_page_009_p9_c2,PPT_13 fallacies LALT2012_page_010_p10_c0,PPT_EnglishtoAmericanTransition_page_016_p16_c0,PPT_EnglishtoAmericanTransition_page_017_p17_c0",1,True,1.0
这门课程的整体安排是什么？,1,PPT_all655920_page_002_p2_c0,PPT_all655920_page_002_p2_c0,1,True,1.0
这门课程的整体安排是什么？,3,PPT_all655920_page_002_p2_c0,"PPT_all655920_page_002_p2_c0,PPT_PresentationSpecification_page_010_p10_c0,PPT_all655920_page_003_p3_c0",1,True,1.0
这门课程的整体安排是什么？,5,PPT_all655920_page_002_p2_c0,"PPT_all655920_page_002_p2_c0,PPT_PresentationSpecification_page_010_p10_c0,PPT_all655920_page_003_p3_c0,PPT_The Right Moves_page_024_p24_c0,PPT_PresentationSpecification_page_025_p25_c0",1,True,1.0
这段内容主要讨论的是什么概念？,1,PPT_ch7_page_057_p57_c0,PPT_BaharMartonosi_page_006_p6_c0,0,False,0.0
这段内容主要讨论的是什么概念？,3,PPT_ch7_page_057_p57_c0,"PPT_BaharMartonosi_page_006_p6_c0,PPT_1001115_eng_page_003_p3_c0,PPT_all655920_page_002_p2_c0",0,False,0.0
这段内容主要讨论的是什么概念？,5,PPT_ch7_page_057_p57_c0,"PPT_BaharMartonosi_page_006_p6_c0,PPT_1001115_eng_page_003_p3_c0,PPT_all655920_page_002_p2_c0,PPT_B14_Claeys_Consistent Presentation of Images_v2_page_024_p24_c1,PPT_BaharMartonosi_page_007_p7_c0",0,False,0.0
文中提到的方程是在什么情况下被考虑的？,1,PPT_ch7_page_057_p57_c0,PPT_lecture1_page_005_p5_c0,0,False,0.0
文中提到的方程是在什么情况下被考虑的？,3,PPT_ch7_page_057_p57_c0,"PPT_lecture1_page_005_p5_c0,PPT_CalculusReview_page_002_p2_c0,PPT_CalculusReview_page_009_p9_c0",0,False,0.0
文中提到的方程是在什么情况下被考虑的？,5,PPT_ch7_page_057_p57_c0,"PPT_lecture1_page_005_p5_c0,PPT_CalculusReview_page_002_p2_c0,PPT_CalculusReview_page_009_p9_c0,PPT_fundamental_theorem_of_calculus___page_002_p2_c0,PPT_ch7_page_057_p57_c1",0,False,0.0
为什么需要做一场好的演讲？,1,PPT_BaharMartonosi_page_002_p2_c0,PPT_BaharMartonosi_page_002_p2_c0,1,True,1.0
为什么需要做一场好的演讲？,3,PPT_BaharMartonosi_page_002_p2_c0,"PPT_BaharMartonosi_page_002_p2_c0,PPT_BaharMartonosi_page_008_p8_c0,PPT_BaharMartonosi_page_005_p5_c0",1,True,1.0
为什么需要做一场好的演讲？,5,PPT_BaharMartonosi_page_002_p2_c0,"PPT_BaharMartonosi_page_002_p2_c0,PPT_BaharMartonosi_page_008_p8_c0,PPT_BaharMartonosi_page_005_p5_c0,PPT_BaharMartonosi_page_007_p7_c0,PPT_1001115_eng_page_005_p5_c0",1,True,1.0
这篇文章的标题是什么？,1,PPT_EnglishtoAmericanTransition_page_009_p9_c0,PPT_BaharMartonosi_page_006_p6_c0,0,False,0.0
这篇文章的标题是什么？,3,PPT_EnglishtoAmericanTransition_page_009_p9_c0,"PPT_BaharMartonosi_page_006_p6_c0,PPT_all655920_page_001_p1_c0,PPT_1001115_eng_page_003_p3_c0",0,False,0.0
这篇文章的标题是什么？,5,PPT_EnglishtoAmericanTransition_page_009_p9_c0,"PPT_BaharMartonosi_page_006_p6_c0,PPT_all655920_page_001_p1_c0,PPT_1001115_eng_page_003_p3_c0,PPT_1001115_eng_page_015_p15_c0,PPT_PresentationSpecification_page_010_p10_c0",0,False,0.0
这段内容中提到的标题是什么？,1,PPT_esea-app101_page_015_p15_c0,PPT_BaharMartonosi_page_006_p6_c0,0,False,0.0
这段内容中提到的标题是什么？,3,PPT_esea-app101_page_015_p15_c0,"PPT_BaharMartonosi_page_006_p6_c0,PPT_1001115_eng_page_015_p15_c0,PPT_1001115_eng_page_003_p3_c0",0,False,0.0
这段内容中提到的标题是什么？,5,PPT_esea-app101_page_015_p15_c0,"PPT_BaharMartonosi_page_006_p6_c0,PPT_1001115_eng_page_015_p15_c0,PPT_1001115_eng_page_003_p3_c0,PPT_BaharMartonosi_page_007_p7_c0,PPT_Transfer-Orientation-2012_page_004_p4_c0",0,False,0.0
这段文字的标题是什么？,1,PPT_EnglishtoAmericanTransition_page_012_p12_c0,PPT_BaharMartonosi_page_006_p6_c0,0,False,0.0
这段文字的标题是什么？,3,PPT_EnglishtoAmericanTransition_page_012_p12_c0,"PPT_BaharMartonosi_page_006_p6_c0,PPT_1001115_eng_page_015_p15_c0,PPT_1001115_eng_page_003_p3_c0",0,False,0.0
这段文字的标题是什么？,5,PPT_EnglishtoAmericanTransition_page_012_p12_c0,"PPT_BaharMartonosi_page_006_p6_c0,PPT_1001115_eng_page_015_p15_c0,PPT_1001115_eng_page_003_p3_c0,PPT_all655920_page_001_p1_c0,PPT_PresentationSpecification_page_010_p10_c0",0,False,0.0
这段内容的标题是什么？,1,PPT_PresentationSpecification_page_007_p7_c0,PPT_BaharMartonosi_page_006_p6_c0,0,False,0.0
这段内容的标题是什么？,3,PPT_PresentationSpecification_page_007_p7_c0,"PPT_BaharMartonosi_page_006_p6_c0,PPT_1001115_eng_page_015_p15_c0,PPT_1001115_eng_page_003_p3_c0",0,False,0.0
这段内容的标题是什么？,5,PPT_PresentationSpecification_page_007_p7_c0,"PPT_BaharMartonosi_page_006_p6_c0,PPT_1001115_eng_page_015_p15_c0,PPT_1001115_eng_page_003_p3_c0,PPT_PresentationSpecification_page_010_p10_c0,PPT_BaharMartonosi_page_007_p7_c0",0,False,0.0
中学阶段的ESL课程框架与小学阶段有何不同？,1,PPT_The Right Moves_page_016_p16_c0,PPT_The Right Moves_page_016_p16_c0,1,True,1.0
中学阶段的ESL课程框架与小学阶段有何不同？,3,PPT_The Right Moves_page_016_p16_c0,"PPT_The Right Moves_page_016_p16_c0,PPT_The Right Moves_page_024_p24_c0,PPT_all655920_page_002_p2_c0",1,True,1.0
中学阶段的ESL课程框架与小学阶段有何不同？,5,PPT_The Right Moves_page_016_p16_c0,"PPT_The Right Moves_page_016_p16_c0,PPT_The Right Moves_page_024_p24_c0,PPT_all655920_page_002_p2_c0,PPT_Transfer-Orientation-2012_page_004_p4_c0,PPT_11.2013EvaluatingTraineeteacherproficiency_page_010_p10_c0",1,True,1.0
这段文字的标题是什么？,1,PPT_english-guidelines-for-humanities-students.zp199743_page_002_p2_c0,PPT_BaharMartonosi_page_006_p6_c0,0,False,0.0
这段文字的标题是什么？,3,PPT_english-guidelines-for-humanities-students.zp199743_page_002_p2_c0,"PPT_BaharMartonosi_page_006_p6_c0,PPT_1001115_eng_page_015_p15_c0,PPT_1001115_eng_page_003_p3_c0",0,False,0.0
这段文字的标题是什么？,5,PPT_english-guidelines-for-humanities-students.zp199743_page_002_p2_c0,"PPT_BaharMartonosi_page_006_p6_c0,PPT_1001115_eng_page_015_p15_c0,PPT_1001115_eng_page_003_p3_c0,PPT_all655920_page_001_p1_c0,PPT_PresentationSpecification_page_010_p10_c0",0,False,0.0
这篇文章的主题是什么？,1,PPT_1001115_eng_page_011_p11_c0,PPT_BaharMartonosi_page_006_p6_c0,0,False,0.0
这篇文章的主题是什么？,3,PPT_1001115_eng_page_011_p11_c0,"PPT_BaharMartonosi_page_006_p6_c0,PPT_1001115_eng_page_003_p3_c0,PPT_B14_Claeys_Consistent Presentation of Images_v2_page_024_p24_c1",0,False,0.0
这篇文章的主题是什么？,5,PPT_1001115_eng_page_011_p11_c0,"PPT_BaharMartonosi_page_006_p6_c0,PPT_1001115_eng_page_003_p3_c0,PPT_B14_Claeys_Consistent Presentation of Images_v2_page_024_p24_c1,PPT_all655920_page_001_p1_c0,PPT_CalculusReview_page_002_p2_c1",0,False,0.0
总结部分应该包含哪些内容？,1,PPT_BaharMartonosi_page_007_p7_c0,PPT_BaharMartonosi_page_007_p7_c0,1,True,1.0
总结部分应该包含哪些内容？,3,PPT_BaharMartonosi_page_007_p7_c0,"PPT_BaharMartonosi_page_007_p7_c0,PPT_BaharMartonosi_page_006_p6_c0,PPT_PresentationSpecification_page_010_p10_c0",1,True,1.0
总结部分应该包含哪些内容？,5,PPT_BaharMartonosi_page_007_p7_c0,"PPT_BaharMartonosi_page_007_p7_c0,PPT_BaharMartonosi_page_006_p6_c0,PPT_PresentationSpecification_page_010_p10_c0,PPT_all655920_page_001_p1_c0,PPT_BaharMartonosi_page_008_p8_c0",1,True,1.0
这段文字中提到的数学概念名称是什么？,1,PPT_CalculusReview_page_002_p2_c0,PPT_CalculusReview_page_009_p9_c0,0,False,0.0
这段文字中提到的数学概念名称是什么？,3,PPT_CalculusReview_page_002_p2_c0,"PPT_CalculusReview_page_009_p9_c0,PPT_CalculusReview_page_002_p2_c0,PPT_1001115_eng_page_015_p15_c0",2,True,1.0
这段文字中提到的数学概念名称是什么？,5,PPT_CalculusReview_page_002_p2_c0,"PPT_CalculusReview_page_009_p9_c0,PPT_CalculusReview_page_002_p2_c0,PPT_1001115_eng_page_015_p15_c0,PPT_fundamental_theorem_of_calculus___page_002_p2_c0,PPT_1001115_eng_page_003_p3_c0",2,True,1.0
这篇文章的标题是什么？,1,PPT_EnglishtoAmericanTransition_page_003_p3_c0,PPT_BaharMartonosi_page_006_p6_c0,0,False,0.0
这篇文章的标题是什么？,3,PPT_EnglishtoAmericanTransition_page_003_p3_c0,"PPT_BaharMartonosi_page_006_p6_c0,PPT_all655920_page_001_p1_c0,PPT_1001115_eng_page_003_p3_c0",0,False,0.0
这篇文章的标题是什么？,5,PPT_EnglishtoAmericanTransition_page_003_p3_c0,"PPT_BaharMartonosi_page_006_p6_c0,PPT_all655920_page_001_p1_c0,PPT_1001115_eng_page_003_p3_c0,PPT_1001115_eng_page_015_p15_c0,PPT_PresentationSpecification_page_010_p10_c0",0,False,0.0
这段文字中提到的线性方程组的矩阵形式是什么？,1,PPT_ch7_page_034_p34_c0,PPT_ch7_page_035_p35_c0,0,False,0.0
这段文字中提到的线性方程组的矩阵形式是什么？,3,PPT_ch7_page_034_p34_c0,"PPT_ch7_page_035_p35_c0,PPT_lay_linalg5_01_05_page_003_p3_c0,PPT_lecture1_page_005_p5_c0",0,False,0.0
这段文字中提到的线性方程组的矩阵形式是什么？,5,PPT_ch7_page_034_p34_c0,"PPT_ch7_page_035_p35_c0,PPT_lay_linalg5_01_05_page_003_p3_c0,PPT_lecture1_page_005_p5_c0,PPT_lecture1_page_007_p7_c0,PPT_ch7_page_053_p53_c0",0,False,0.0
根据矩阵乘法的定义，原方程组可以如何表示为一个向量方程？,1,PPT_ch7_page_034_p34_c0,PPT_ch7_page_035_p35_c0,0,False,0.0
根据矩阵乘法的定义，原方程组可以如何表示为一个向量方程？,3,PPT_ch7_page_034_p34_c0,"PPT_ch7_page_035_p35_c0,PPT_lecture1_page_007_p7_c0,PPT_ch7_page_034_p34_c0",3,True,1.0
根据矩阵乘法的定义，原方程组可以如何表示为一个向量方程？,5,PPT_ch7_page_034_p34_c0,"PPT_ch7_page_035_p35_c0,PPT_lecture1_page_007_p7_c0,PPT_ch7_page_034_p34_c0,PPT_ch7_page_030_p30_c0,PPT_ch7_page_021_p21_c0",3,True,1.0
文中提到的a、x和b是什么类型的向量？,1,PPT_ch7_page_034_p34_c1,PPT_1001115_eng_page_015_p15_c0,0,False,0.0
文中提到的a、x和b是什么类型的向量？,3,PPT_ch7_page_034_p34_c1,"PPT_1001115_eng_page_015_p15_c0,PPT_ch7_page_035_p35_c0,PPT_ch7_page_057_p57_c1",0,False,0.0
文中提到的a、x和b是什么类型的向量？,5,PPT_ch7_page_034_p34_c1,"PPT_1001115_eng_page_015_p15_c0,PPT_ch7_page_035_p35_c0,PPT_ch7_page_057_p57_c1,PPT_CalculusReview_page_009_p9_c0,PPT_ch7_page_142_p142_c0",0,False,0.0
文中提到的用于解三元线性方程组的方法名称是什么？,1,PPT_ch7_page_090_p90_c0,PPT_lecture1_page_005_p5_c0,0,False,0.0
文中提到的用于解三元线性方程组的方法名称是什么？,3,PPT_ch7_page_090_p90_c0,"PPT_lecture1_page_005_p5_c0,PPT_lay_linalg5_01_05_page_003_p3_c0,PPT_ch7_page_053_p53_c0",0,False,0.0
文中提到的用于解三元线性方程组的方法名称是什么？,5,PPT_ch7_page_090_p90_c0,"PPT_lecture1_page_005_p5_c0,PPT_lay_linalg5_01_05_page_003_p3_c0,PPT_ch7_page_053_p53_c0,PPT_lay_linalg5_01_05_page_005_p5_c0,PPT_ch7_page_057_p57_c1",0,False,0.0
这段内容中提到的公式表达式是什么？,1,PPT_ch7_page_090_p90_c0,PPT_fundamental_theorem_of_calculus___page_002_p2_c0,0,False,0.0
这段内容中提到的公式表达式是什么？,3,PPT_ch7_page_090_p90_c0,"PPT_fundamental_theorem_of_calculus___page_002_p2_c0,PPT_fundamental_theorem_of_calculus___page_006_p6_c0,PPT_CalculusReview_page_009_p9_c0",0,False,0.0
这段内容中提到的公式表达式是什么？,5,PPT_ch7_page_090_p90_c0,"PPT_fundamental_theorem_of_calculus___page_002_p2_c0,PPT_fundamental_theorem_of_calculus___page_006_p6_c0,PPT_CalculusReview_page_009_p9_c0,PPT_CalculusReview_page_002_p2_c0,PPT_ch7_page_030_p30_c1",0,False,0.0
这段内容接下来讨论的是哪个主题？,1,PPT_ch7_page_136_p136_c0,PPT_BaharMartonosi_page_006_p6_c0,0,False,0.0
这段内容接下来讨论的是哪个主题？,3,PPT_ch7_page_136_p136_c0,"PPT_BaharMartonosi_page_006_p6_c0,PPT_BaharMartonosi_page_007_p7_c0,PPT_all655920_page_002_p2_c0",0,False,0.0
这段内容接下来讨论的是哪个主题？,5,PPT_ch7_page_136_p136_c0,"PPT_BaharMartonosi_page_006_p6_c0,PPT_BaharMartonosi_page_007_p7_c0,PPT_all655920_page_002_p2_c0,PPT_PresentationSpecification_page_010_p10_c0,PPT_1001115_eng_page_015_p15_c0",0,False,0.0
反应前分子需要吸收什么能量才能开始反应？,1,PPT_Catalysis.ppt_page_003_p3_c0,PPT_Catalysis.ppt_page_003_p3_c0,1,True,1.0
反应前分子需要吸收什么能量才能开始反应？,3,PPT_Catalysis.ppt_page_003_p3_c0,"PPT_Catalysis.ppt_page_003_p3_c0,PPT_Catalysis.ppt_page_003_p3_c1,PPT_1001115_eng_page_015_p15_c0",1,True,1.0
反应前分子需要吸收什么能量才能开始反应？,5,PPT_Catalysis.ppt_page_003_p3_c0,"PPT_Catalysis.ppt_page_003_p3_c0,PPT_Catalysis.ppt_page_003_p3_c1,PPT_1001115_eng_page_015_p15_c0,PPT_Catalysis.ppt_page_016_p16_c0,PPT_EnglishtoAmericanTransition_page_017_p17_c0",1,True,1.0
这段内容主要讲解的是什么数学规则？,1,PPT_StewartCalcET7e_03_02_page_015_p15_c0,PPT_BaharMartonosi_page_006_p6_c0,0,False,0.0
这段内容主要讲解的是什么数学规则？,3,PPT_StewartCalcET7e_03_02_page_015_p15_c0,"PPT_BaharMartonosi_page_006_p6_c0,PPT_CalculusReview_page_009_p9_c0,PPT_1001115_eng_page_015_p15_c0",0,False,0.0
这段内容主要讲解的是什么数学规则？,5,PPT_StewartCalcET7e_03_02_page_015_p15_c0,"PPT_BaharMartonosi_page_006_p6_c0,PPT_CalculusReview_page_009_p9_c0,PPT_1001115_eng_page_015_p15_c0,PPT_lay_linalg5_01_05_page_009_p9_c2,PPT_all655920_page_002_p2_c0",0,False,0.0
这段内容的开头是用什么缩写表示的？,1,PPT_StewartCalcET7e_03_02_page_015_p15_c0,PPT_1001115_eng_page_015_p15_c0,0,False,0.0
这段内容的开头是用什么缩写表示的？,3,PPT_StewartCalcET7e_03_02_page_015_p15_c0,"PPT_1001115_eng_page_015_p15_c0,PPT_EnglishtoAmericanTransition_page_017_p17_c0,PPT_BaharMartonosi_page_006_p6_c0",0,False,0.0
这段内容的开头是用什么缩写表示的？,5,PPT_StewartCalcET7e_03_02_page_015_p15_c0,"PPT_1001115_eng_page_015_p15_c0,PPT_EnglishtoAmericanTransition_page_017_p17_c0,PPT_BaharMartonosi_page_006_p6_c0,PPT_8076_MEYER_Chapter_2_-_Language_Change_page_021_p21_c0,PPT_all655920_page_001_p1_c0",0,False,0.0
推导过程中使用了什么数学原理？,1,PPT_StewartCalcET7e_03_02_page_015_p15_c0,PPT_CalculusReview_page_002_p2_c0,0,False,0.0
推导过程中使用了什么数学原理？,3,PPT_StewartCalcET7e_03_02_page_015_p15_c0,"PPT_CalculusReview_page_002_p2_c0,PPT_fundamental_theorem_of_calculus___page_002_p2_c0,PPT_fundamental_theorem_of_calculus___page_006_p6_c0",0,False,0.0
推导过程中使用了什么数学原理？,5,PPT_StewartCalcET7e_03_02_page_015_p15_c0,"PPT_CalculusReview_page_002_p2_c0,PPT_fundamental_theorem_of_calculus___page_002_p2_c0,PPT_fundamental_theorem_of_calculus___page_006_p6_c0,PPT_ch7_page_142_p142_c2,PPT_ch7_page_053_p53_c0",0,False,0.0
课程相关信息和预约安排的标题是什么？,1,PPT_all655920_page_003_p3_c0,PPT_all655920_page_003_p3_c0,1,True,1.0
课程相关信息和预约安排的标题是什么？,3,PPT_all655920_page_003_p3_c0,"PPT_all655920_page_003_p3_c0,PPT_PresentationSpecification_page_007_p7_c0,PPT_PresentationSpecification_page_010_p10_c0",1,True,1.0
课程相关信息和预约安排的标题是什么？,5,PPT_all655920_page_003_p3_c0,"PPT_all655920_page_003_p3_c0,PPT_PresentationSpecification_page_007_p7_c0,PPT_PresentationSpecification_page_010_p10_c0,PPT_all655920_page_002_p2_c0,PPT_PresentationSpecification_page_025_p25_c0",1,True,1.0
哪种方法被标准算法用于计算机上矩阵乘法的并行处理？,1,PPT_ch7_page_021_p21_c0,PPT_ch7_page_021_p21_c0,1,True,1.0
哪种方法被标准算法用于计算机上矩阵乘法的并行处理？,3,PPT_ch7_page_021_p21_c0,"PPT_ch7_page_021_p21_c0,PPT_ch7_page_021_p21_c1,PPT_ch7_page_030_p30_c0",1,True,1.0
哪种方法被标准算法用于计算机上矩阵乘法的并行处理？,5,PPT_ch7_page_021_p21_c0,"PPT_ch7_page_021_p21_c0,PPT_ch7_page_021_p21_c1,PPT_ch7_page_030_p30_c0,PPT_MMAT5390Lecture1_page_023_p23_c1,PPT_ch7_page_020_p20_c1",1,True,1.0
这段文字的标题是什么？,1,PPT_LEP power point presentation-English-FINAL-10-31-07_page_015_p15_c0,PPT_BaharMartonosi_page_006_p6_c0,0,False,0.0
这段文字的标题是什么？,3,PPT_LEP power point presentation-English-FINAL-10-31-07_page_015_p15_c0,"PPT_BaharMartonosi_page_006_p6_c0,PPT_1001115_eng_page_015_p15_c0,PPT_1001115_eng_page_003_p3_c0",0,False,0.0
这段文字的标题是什么？,5,PPT_LEP power point presentation-English-FINAL-10-31-07_page_015_p15_c0,"PPT_BaharMartonosi_page_006_p6_c0,PPT_1001115_eng_page_015_p15_c0,PPT_1001115_eng_page_003_p3_c0,PPT_all655920_page_001_p1_c0,PPT_PresentationSpecification_page_010_p10_c0",0,False,0.0
这段文字的标题是什么？,1,PPT_Transfer-Orientation-2012_page_004_p4_c0,PPT_BaharMartonosi_page_006_p6_c0,0,False,0.0
这段文字的标题是什么？,3,PPT_Transfer-Orientation-2012_page_004_p4_c0,"PPT_BaharMartonosi_page_006_p6_c0,PPT_1001115_eng_page_015_p15_c0,PPT_1001115_eng_page_003_p3_c0",0,False,0.0
这段文字的标题是什么？,5,PPT_Transfer-Orientation-2012_page_004_p4_c0,"PPT_BaharMartonosi_page_006_p6_c0,PPT_1001115_eng_page_015_p15_c0,PPT_1001115_eng_page_003_p3_c0,PPT_all655920_page_001_p1_c0,PPT_PresentationSpecification_page_010_p10_c0",0,False,0.0
矩阵的主要应用涉及哪些方程组？,1,PPT_ch7_page_142_p142_c0,PPT_ch7_page_142_p142_c1,0,False,0.0
矩阵的主要应用涉及哪些方程组？,3,PPT_ch7_page_142_p142_c0,"PPT_ch7_page_142_p142_c1,PPT_ch7_page_030_p30_c0,PPT_ch7_page_053_p53_c0",0,False,0.0
矩阵的主要应用涉及哪些方程组？,5,PPT_ch7_page_142_p142_c0,"PPT_ch7_page_142_p142_c1,PPT_ch7_page_030_p30_c0,PPT_ch7_page_053_p53_c0,PPT_ch7_page_142_p142_c0,PPT_lay_linalg5_01_05_page_003_p3_c0",4,True,1.0
这段文字的标题是什么？,1,PPT_english-studies-s6-on-the-road-resource-3_page_003_p3_c0,PPT_BaharMartonosi_page_006_p6_c0,0,False,0.0
这段文字的标题是什么？,3,PPT_english-studies-s6-on-the-road-resource-3_page_003_p3_c0,"PPT_BaharMartonosi_page_006_p6_c0,PPT_1001115_eng_page_015_p15_c0,PPT_1001115_eng_page_003_p3_c0",0,False,0.0
这段文字的标题是什么？,5,PPT_english-studies-s6-on-the-road-resource-3_page_003_p3_c0,"PPT_BaharMartonosi_page_006_p6_c0,PPT_1001115_eng_page_015_p15_c0,PPT_1001115_eng_page_003_p3_c0,PPT_all655920_page_001_p1_c0,PPT_PresentationSpecification_page_010_p10_c0",0,False,0.0
这段文字的开头部分是什么？,1,PPT_esea-app101_page_003_p3_c0,PPT_1001115_eng_page_015_p15_c0,0,False,0.0
这段文字的开头部分是什么？,3,PPT_esea-app101_page_003_p3_c0,"PPT_1001115_eng_page_015_p15_c0,PPT_BaharMartonosi_page_006_p6_c0,PPT_EnglishtoAmericanTransition_page_017_p17_c0",0,False,0.0
这段文字的开头部分是什么？,5,PPT_esea-app101_page_003_p3_c0,"PPT_1001115_eng_page_015_p15_c0,PPT_BaharMartonosi_page_006_p6_c0,PPT_EnglishtoAmericanTransition_page_017_p17_c0,PPT_8076_MEYER_Chapter_2_-_Language_Change_page_021_p21_c0,PPT_all655920_page_002_p2_c0",0,False,0.0
本文主要讨论的主题是什么？,1,PPT_1637904769_page_001_p1_c0,PPT_BaharMartonosi_page_006_p6_c0,0,False,0.0
本文主要讨论的主题是什么？,3,PPT_1637904769_page_001_p1_c0,"PPT_BaharMartonosi_page_006_p6_c0,PPT_1001115_eng_page_003_p3_c0,PPT_BaharMartonosi_page_007_p7_c0",0,False,0.0
本文主要讨论的主题是什么？,5,PPT_1637904769_page_001_p1_c0,"PPT_BaharMartonosi_page_006_p6_c0,PPT_1001115_eng_page_003_p3_c0,PPT_BaharMartonosi_page_007_p7_c0,PPT_all655920_page_002_p2_c0,PPT_CalculusReview_page_002_p2_c1",0,False,0.0
谁是Dr.B.K.B.College的讲师？,1,PPT_1637904769_page_001_p1_c0,PPT_1001115_eng_page_003_p3_c0,0,False,0.0
谁是Dr.B.K.B.College的讲师？,3,PPT_1637904769_page_001_p1_c0,"PPT_1001115_eng_page_003_p3_c0,PPT_1001115_eng_page_015_p15_c0,PPT_13 fallacies LALT2012_page_010_p10_c0",0,False,0.0
谁是Dr.B.K.B.College的讲师？,5,PPT_1637904769_page_001_p1_c0,"PPT_1001115_eng_page_003_p3_c0,PPT_1001115_eng_page_015_p15_c0,PPT_13 fallacies LALT2012_page_010_p10_c0,PPT_Transfer-Orientation-2012_page_004_p4_c0,PPT_13 fallacies LALT2012_page_010_p10_c1",0,False,0.0
这段文字开头提出的问题是什么？,1,PPT_MMAT5390Lecture1_page_024_p24_c0,PPT_BaharMartonosi_page_006_p6_c0,0,False,0.0
这段文字开头提出的问题是什么？,3,PPT_MMAT5390Lecture1_page_024_p24_c0,"PPT_BaharMartonosi_page_006_p6_c0,PPT_1001115_eng_page_015_p15_c0,PPT_EnglishtoAmericanTransition_page_017_p17_c0",0,False,0.0
这段文字开头提出的问题是什么？,5,PPT_MMAT5390Lecture1_page_024_p24_c0,"PPT_BaharMartonosi_page_006_p6_c0,PPT_1001115_eng_page_015_p15_c0,PPT_EnglishtoAmericanTransition_page_017_p17_c0,PPT_all655920_page_001_p1_c0,PPT_1001115_eng_page_003_p3_c0",0,False,0.0
这段内容接下来讨论的是哪个主题？,1,PPT_ch7_page_035_p35_c0,PPT_BaharMartonosi_page_006_p6_c0,0,False,0.0
这段内容接下来讨论的是哪个主题？,3,PPT_ch7_page_035_p35_c0,"PPT_BaharMartonosi_page_006_p6_c0,PPT_BaharMartonosi_page_007_p7_c0,PPT_all655920_page_002_p2_c0",0,False,0.0
这段内容接下来讨论的是哪个主题？,5,PPT_ch7_page_035_p35_c0,"PPT_BaharMartonosi_page_006_p6_c0,PPT_BaharMartonosi_page_007_p7_c0,PPT_all655920_page_002_p2_c0,PPT_PresentationSpecification_page_010_p10_c0,PPT_1001115_eng_page_015_p15_c0",0,False,0.0
哪一步骤通过简单的直接计算得出？,1,PPT_ch7_page_132_p132_c0,PPT_1001115_eng_page_015_p15_c0,0,False,0.0
哪一步骤通过简单的直接计算得出？,3,PPT_ch7_page_132_p132_c0,"PPT_1001115_eng_page_015_p15_c0,PPT_CalculusReview_page_002_p2_c0,PPT_fundamental_theorem_of_calculus___page_002_p2_c0",0,False,0.0
哪一步骤通过简单的直接计算得出？,5,PPT_ch7_page_132_p132_c0,"PPT_1001115_eng_page_015_p15_c0,PPT_CalculusReview_page_002_p2_c0,PPT_fundamental_theorem_of_calculus___page_002_p2_c0,PPT_ch7_page_053_p53_c0,PPT_BaharMartonosi_page_006_p6_c0",0,False,0.0
这篇文章讨论的主题是什么？,1,PPT_8076_MEYER_Chapter_2_-_Language_Change_page_014_p14_c0,PPT_BaharMartonosi_page_006_p6_c0,0,False,0.0
这篇文章讨论的主题是什么？,3,PPT_8076_MEYER_Chapter_2_-_Language_Change_page_014_p14_c0,"PPT_BaharMartonosi_page_006_p6_c0,PPT_BaharMartonosi_page_007_p7_c0,PPT_1001115_eng_page_003_p3_c0",0,False,0.0
这篇文章讨论的主题是什么？,5,PPT_8076_MEYER_Chapter_2_-_Language_Change_page_014_p14_c0,"PPT_BaharMartonosi_page_006_p6_c0,PPT_BaharMartonosi_page_007_p7_c0,PPT_1001115_eng_page_003_p3_c0,PPT_PresentationSpecification_page_007_p7_c0,PPT_all655920_page_002_p2_c0",0,False,0.0
该表格所引用的文献标题是什么？,1,PPT_8076_MEYER_Chapter_2_-_Language_Change_page_014_p14_c0,PPT_BaharMartonosi_page_006_p6_c0,0,False,0.0
该表格所引用的文献标题是什么？,3,PPT_8076_MEYER_Chapter_2_-_Language_Change_page_014_p14_c0,"PPT_BaharMartonosi_page_006_p6_c0,PPT_1001115_eng_page_015_p15_c0,PPT_1001115_eng_page_003_p3_c0",0,False,0.0
该表格所引用的文献标题是什么？,5,PPT_8076_MEYER_Chapter_2_-_Language_Change_page_014_p14_c0,"PPT_BaharMartonosi_page_006_p6_c0,PPT_1001115_eng_page_015_p15_c0,PPT_1001115_eng_page_003_p3_c0,PPT_PresentationSpecification_page_010_p10_c0,PPT_8076_MEYER_Chapter_2_-_Language_Change_page_014_p14_c3",0,False,0.0
这段文字的标题是什么？,1,PPT_8076_MEYER_Chapter_2_-_Language_Change_page_021_p21_c0,PPT_BaharMartonosi_page_006_p6_c0,0,False,0.0
这段文字的标题是什么？,3,PPT_8076_MEYER_Chapter_2_-_Language_Change_page_021_p21_c0,"PPT_BaharMartonosi_page_006_p6_c0,PPT_1001115_eng_page_015_p15_c0,PPT_1001115_eng_page_003_p3_c0",0,False,0.0
这段文字的标题是什么？,5,PPT_8076_MEYER_Chapter_2_-_Language_Change_page_021_p21_c0,"PPT_BaharMartonosi_page_006_p6_c0,PPT_1001115_eng_page_015_p15_c0,PPT_1001115_eng_page_003_p3_c0,PPT_all655920_page_001_p1_c0,PPT_PresentationSpecification_page_010_p10_c0",0,False,0.0
在Jack Hawkins的149种语言样本中，有哪些组合没有出现？,1,PPT_8076_MEYER_Chapter_2_-_Language_Change_page_021_p21_c0,PPT_8076_MEYER_Chapter_2_-_Language_Change_page_021_p21_c0,1,True,1.0
在Jack Hawkins的149种语言样本中，有哪些组合没有出现？,3,PPT_8076_MEYER_Chapter_2_-_Language_Change_page_021_p21_c0,"PPT_8076_MEYER_Chapter_2_-_Language_Change_page_021_p21_c0,PPT_EnglishtoAmericanTransition_page_017_p17_c0,PPT_13 fallacies LALT2012_page_010_p10_c0",1,True,1.0
在Jack Hawkins的149种语言样本中，有哪些组合没有出现？,5,PPT_8076_MEYER_Chapter_2_-_Language_Change_page_021_p21_c0,"PPT_8076_MEYER_Chapter_2_-_Language_Change_page_021_p21_c0,PPT_EnglishtoAmericanTransition_page_017_p17_c0,PPT_13 fallacies LALT2012_page_010_p10_c0,PPT_1001115_eng_page_015_p15_c0,PPT_EnglishtoAmericanTransition_page_016_p16_c0",1,True,1.0
这段内容主要讨论的是什么概念？,1,PPT_CalculusReview_page_014_p14_c0,PPT_BaharMartonosi_page_006_p6_c0,0,False,0.0
这段内容主要讨论的是什么概念？,3,PPT_CalculusReview_page_014_p14_c0,"PPT_BaharMartonosi_page_006_p6_c0,PPT_1001115_eng_page_003_p3_c0,PPT_all655920_page_002_p2_c0",0,False,0.0
这段内容主要讨论的是什么概念？,5,PPT_CalculusReview_page_014_p14_c0,"PPT_BaharMartonosi_page_006_p6_c0,PPT_1001115_eng_page_003_p3_c0,PPT_all655920_page_002_p2_c0,PPT_B14_Claeys_Consistent Presentation of Images_v2_page_024_p24_c1,PPT_BaharMartonosi_page_007_p7_c0",0,False,0.0
该会议的主题演讲标题是什么？,1,PPT_13 fallacies LALT2012_page_001_p1_c0,PPT_BaharMartonosi_page_006_p6_c0,0,False,0.0
该会议的主题演讲标题是什么？,3,PPT_13 fallacies LALT2012_page_001_p1_c0,"PPT_BaharMartonosi_page_006_p6_c0,PPT_BaharMartonosi_page_007_p7_c0,PPT_PresentationSpecification_page_010_p10_c0",0,False,0.0
该会议的主题演讲标题是什么？,5,PPT_13 fallacies LALT2012_page_001_p1_c0,"PPT_BaharMartonosi_page_006_p6_c0,PPT_BaharMartonosi_page_007_p7_c0,PPT_PresentationSpecification_page_010_p10_c0,PPT_PresentationSpecification_page_007_p7_c0,PPT_PresentationSpecification_page_025_p25_c0",0,False,0.0
谁是这篇演讲的作者？,1,PPT_13 fallacies LALT2012_page_001_p1_c0,PPT_1001115_eng_page_003_p3_c0,0,False,0.0
谁是这篇演讲的作者？,3,PPT_13 fallacies LALT2012_page_001_p1_c0,"PPT_1001115_eng_page_003_p3_c0,PPT_BaharMartonosi_page_006_p6_c0,PPT_BaharMartonosi_page_008_p8_c0",0,False,0.0
谁是这篇演讲的作者？,5,PPT_13 fallacies LALT2012_page_001_p1_c0,"PPT_1001115_eng_page_003_p3_c0,PPT_BaharMartonosi_page_006_p6_c0,PPT_BaharMartonosi_page_008_p8_c0,PPT_BaharMartonosi_page_007_p7_c0,PPT_13 fallacies LALT2012_page_010_p10_c0",0,False,0.0
这段文字讨论的是哪些语言中与现代英语foot对应的词汇？,1,PPT_8076_MEYER_Chapter_2_-_Language_Change_page_012_p12_c0,PPT_8076_MEYER_Chapter_2_-_Language_Change_page_012_p12_c0,1,True,1.0
这段文字讨论的是哪些语言中与现代英语foot对应的词汇？,3,PPT_8076_MEYER_Chapter_2_-_Language_Change_page_012_p12_c0,"PPT_8076_MEYER_Chapter_2_-_Language_Change_page_012_p12_c0,PPT_EnglishtoAmericanTransition_page_016_p16_c0,PPT_EnglishtoAmericanTransition_page_017_p17_c0",1,True,1.0
这段文字讨论的是哪些语言中与现代英语foot对应的词汇？,5,PPT_8076_MEYER_Chapter_2_-_Language_Change_page_012_p12_c0,"PPT_8076_MEYER_Chapter_2_-_Language_Change_page_012_p12_c0,PPT_EnglishtoAmericanTransition_page_016_p16_c0,PPT_EnglishtoAmericanTransition_page_017_p17_c0,PPT_english-guidelines-for-humanities-students.zp199743_page_002_p2_c0,PPT_13 fallacies LALT2012_page_010_p10_c0",1,True,1.0
在项目介绍的开场幻灯片中，作者需要介绍什么内容？,1,PPT_BaharMartonosi_page_006_p6_c0,PPT_BaharMartonosi_page_006_p6_c0,1,True,1.0
在项目介绍的开场幻灯片中，作者需要介绍什么内容？,3,PPT_BaharMartonosi_page_006_p6_c0,"PPT_BaharMartonosi_page_006_p6_c0,PPT_BaharMartonosi_page_007_p7_c0,PPT_PresentationSpecification_page_010_p10_c0",1,True,1.0
在项目介绍的开场幻灯片中，作者需要介绍什么内容？,5,PPT_BaharMartonosi_page_006_p6_c0,"PPT_BaharMartonosi_page_006_p6_c0,PPT_BaharMartonosi_page_007_p7_c0,PPT_PresentationSpecification_page_010_p10_c0,PPT_PresentationSpecification_page_007_p7_c0,PPT_PresentationSpecification_page_025_p25_c0",1,True,1.0
在项目介绍中，哪一部分需要简要概述所解决的问题和发现的见解？,1,PPT_BaharMartonosi_page_006_p6_c0,PPT_BaharMartonosi_page_006_p6_c0,1,True,1.0
在项目介绍中，哪一部分需要简要概述所解决的问题和发现的见解？,3,PPT_BaharMartonosi_page_006_p6_c0,"PPT_BaharMartonosi_page_006_p6_c0,PPT_BaharMartonosi_page_007_p7_c0,PPT_PresentationSpecification_page_010_p10_c0",1,True,1.0
在项目介绍中，哪一部分需要简要概述所解决的问题和发现的见解？,5,PPT_BaharMartonosi_page_006_p6_c0,"PPT_BaharMartonosi_page_006_p6_c0,PPT_BaharMartonosi_page_007_p7_c0,PPT_PresentationSpecification_page_010_p10_c0,PPT_BaharMartonosi_page_010_p10_c0,PPT_PresentationSpecification_page_007_p7_c0",1,True,1.0
相关工作部分主要讨论的是什么内容？,1,PPT_BaharMartonosi_page_006_p6_c0,PPT_BaharMartonosi_page_006_p6_c0,1,True,1.0
相关工作部分主要讨论的是什么内容？,3,PPT_BaharMartonosi_page_006_p6_c0,"PPT_BaharMartonosi_page_006_p6_c0,PPT_BaharMartonosi_page_007_p7_c0,PPT_1001115_eng_page_003_p3_c0",1,True,1.0
相关工作部分主要讨论的是什么内容？,5,PPT_BaharMartonosi_page_006_p6_c0,"PPT_BaharMartonosi_page_006_p6_c0,PPT_BaharMartonosi_page_007_p7_c0,PPT_1001115_eng_page_003_p3_c0,PPT_all655920_page_002_p2_c0,PPT_all655920_page_003_p3_c0",1,True,1.0
在方法部分需要完成什么内容？,1,PPT_BaharMartonosi_page_006_p6_c0,PPT_BaharMartonosi_page_006_p6_c0,1,True,1.0
在方法部分需要完成什么内容？,3,PPT_BaharMartonosi_page_006_p6_c0,"PPT_BaharMartonosi_page_006_p6_c0,PPT_PresentationSpecification_page_010_p10_c0,PPT_1001115_eng_page_015_p15_c0",1,True,1.0
在方法部分需要完成什么内容？,5,PPT_BaharMartonosi_page_006_p6_c0,"PPT_BaharMartonosi_page_006_p6_c0,PPT_PresentationSpecification_page_010_p10_c0,PPT_1001115_eng_page_015_p15_c0,PPT_PresentationSpecification_page_025_p25_c0,PPT_all655920_page_003_p3_c0",1,True,1.0
作者在方法部分需要回答什么问题？,1,PPT_BaharMartonosi_page_006_p6_c0,PPT_BaharMartonosi_page_006_p6_c0,1,True,1.0
作者在方法部分需要回答什么问题？,3,PPT_BaharMartonosi_page_006_p6_c0,"PPT_BaharMartonosi_page_006_p6_c0,PPT_all655920_page_003_p3_c0,PPT_all655920_page_001_p1_c0",1,True,1.0
作者在方法部分需要回答什么问题？,5,PPT_BaharMartonosi_page_006_p6_c0,"PPT_BaharMartonosi_page_006_p6_c0,PPT_all655920_page_003_p3_c0,PPT_all655920_page_001_p1_c0,PPT_1001115_eng_page_003_p3_c0,PPT_13 fallacies LALT2012_page_010_p10_c0",1,True,1.0
这份行政命令的主要目的是什么？,1,PPT_LEP power point presentation-English-FINAL-10-31-07_page_004_p4_c0,PPT_LEP power point presentation-English-FINAL-10-31-07_page_004_p4_c0,1,True,1.0
这份行政命令的主要目的是什么？,3,PPT_LEP power point presentation-English-FINAL-10-31-07_page_004_p4_c0,"PPT_LEP power point presentation-English-FINAL-10-31-07_page_004_p4_c0,PPT_LEP power point presentation-English-FINAL-10-31-07_page_008_p8_c0,PPT_BaharMartonosi_page_006_p6_c0",1,True,1.0
这份行政命令的主要目的是什么？,5,PPT_LEP power point presentation-English-FINAL-10-31-07_page_004_p4_c0,"PPT_LEP power point presentation-English-FINAL-10-31-07_page_004_p4_c0,PPT_LEP power point presentation-English-FINAL-10-31-07_page_008_p8_c0,PPT_BaharMartonosi_page_006_p6_c0,PPT_esea-app101_page_003_p3_c0,PPT_lay_linalg5_01_05_page_009_p9_c2",1,True,1.0
美国司法部发布的政策指导文件标题是什么？,1,PPT_LEP power point presentation-English-FINAL-10-31-07_page_008_p8_c0,PPT_LEP power point presentation-English-FINAL-10-31-07_page_008_p8_c0,1,True,1.0
美国司法部发布的政策指导文件标题是什么？,3,PPT_LEP power point presentation-English-FINAL-10-31-07_page_008_p8_c0,"PPT_LEP power point presentation-English-FINAL-10-31-07_page_008_p8_c0,PPT_LEP power point presentation-English-FINAL-10-31-07_page_004_p4_c1,PPT_LEP power point presentation-English-FINAL-10-31-07_page_004_p4_c0",1,True,1.0
美国司法部发布的政策指导文件标题是什么？,5,PPT_LEP power point presentation-English-FINAL-10-31-07_page_008_p8_c0,"PPT_LEP power point presentation-English-FINAL-10-31-07_page_008_p8_c0,PPT_LEP power point presentation-English-FINAL-10-31-07_page_004_p4_c1,PPT_LEP power point presentation-English-FINAL-10-31-07_page_004_p4_c0,PPT_LEP power point presentation-English-FINAL-10-31-07_page_011_p11_c0,PPT_LEP power point presentation-English-FINAL-10-31-07_page_010_p10_c0",1,True,1.0
美国司法部建议在执行民权法案第VI条时分析哪些内容？,1,PPT_LEP power point presentation-English-FINAL-10-31-07_page_008_p8_c0,PPT_LEP power point presentation-English-FINAL-10-31-07_page_008_p8_c0,1,True,1.0
美国司法部建议在执行民权法案第VI条时分析哪些内容？,3,PPT_LEP power point presentation-English-FINAL-10-31-07_page_008_p8_c0,"PPT_LEP power point presentation-English-FINAL-10-31-07_page_008_p8_c0,PPT_LEP power point presentation-English-FINAL-10-31-07_page_004_p4_c0,PPT_LEP power point presentation-English-FINAL-10-31-07_page_004_p4_c1",1,True,1.0
美国司法部建议在执行民权法案第VI条时分析哪些内容？,5,PPT_LEP power point presentation-English-FINAL-10-31-07_page_008_p8_c0,"PPT_LEP power point presentation-English-FINAL-10-31-07_page_008_p8_c0,PPT_LEP power point presentation-English-FINAL-10-31-07_page_004_p4_c0,PPT_LEP power point presentation-English-FINAL-10-31-07_page_004_p4_c1,PPT_LEP power point presentation-English-FINAL-10-31-07_page_011_p11_c0,PPT_LEP power point presentation-English-FINAL-10-31-07_page_010_p10_c0",1,True,1.0
这篇文章的标题是什么？,1,PPT_BaharMartonosi_page_010_p10_c0,PPT_BaharMartonosi_page_006_p6_c0,0,False,0.0
这篇文章的标题是什么？,3,PPT_BaharMartonosi_page_010_p10_c0,"PPT_BaharMartonosi_page_006_p6_c0,PPT_all655920_page_001_p1_c0,PPT_1001115_eng_page_003_p3_c0",0,False,0.0
这篇文章的标题是什么？,5,PPT_BaharMartonosi_page_010_p10_c0,"PPT_BaharMartonosi_page_006_p6_c0,PPT_all655920_page_001_p1_c0,PPT_1001115_eng_page_003_p3_c0,PPT_1001115_eng_page_015_p15_c0,PPT_PresentationSpecification_page_010_p10_c0",0,False,0.0
如何通过技术表达来促进职业发展？,1,PPT_BaharMartonosi_page_010_p10_c0,PPT_BaharMartonosi_page_010_p10_c0,1,True,1.0
如何通过技术表达来促进职业发展？,3,PPT_BaharMartonosi_page_010_p10_c0,"PPT_BaharMartonosi_page_010_p10_c0,PPT_BaharMartonosi_page_002_p2_c0,PPT_1001115_eng_page_005_p5_c0",1,True,1.0
如何通过技术表达来促进职业发展？,5,PPT_BaharMartonosi_page_010_p10_c0,"PPT_BaharMartonosi_page_010_p10_c0,PPT_BaharMartonosi_page_002_p2_c0,PPT_1001115_eng_page_005_p5_c0,PPT_1001115_eng_page_015_p15_c0,PPT_BaharMartonosi_page_005_p5_c0",1,True,1.0
为了实现职业目标，应该通过什么方式建立指导和专业技术关系？,1,PPT_BaharMartonosi_page_010_p10_c0,PPT_BaharMartonosi_page_010_p10_c0,1,True,1.0
为了实现职业目标，应该通过什么方式建立指导和专业技术关系？,3,PPT_BaharMartonosi_page_010_p10_c0,"PPT_BaharMartonosi_page_010_p10_c0,PPT_BaharMartonosi_page_002_p2_c0,PPT_Transfer-Orientation-2012_page_004_p4_c0",1,True,1.0
为了实现职业目标，应该通过什么方式建立指导和专业技术关系？,5,PPT_BaharMartonosi_page_010_p10_c0,"PPT_BaharMartonosi_page_010_p10_c0,PPT_BaharMartonosi_page_002_p2_c0,PPT_Transfer-Orientation-2012_page_004_p4_c0,PPT_1001115_eng_page_005_p5_c0,PPT_1637904769_page_017_p17_c0",1,True,1.0
这段内容主要涉及哪一门数学分支？,1,PPT_CalculusReview_page_033_p33_c0,PPT_1001115_eng_page_003_p3_c0,0,False,0.0
这段内容主要涉及哪一门数学分支？,3,PPT_CalculusReview_page_033_p33_c0,"PPT_1001115_eng_page_003_p3_c0,PPT_CalculusReview_page_009_p9_c0,PPT_all655920_page_002_p2_c0",0,False,0.0
这段内容主要涉及哪一门数学分支？,5,PPT_CalculusReview_page_033_p33_c0,"PPT_1001115_eng_page_003_p3_c0,PPT_CalculusReview_page_009_p9_c0,PPT_all655920_page_002_p2_c0,PPT_The Right Moves_page_024_p24_c0,PPT_Transfer-Orientation-2012_page_004_p4_c0",0,False,0.0
这段内容主要讲解的是什么数学规则？,1,PPT_StewartCalcET7e_03_02_page_014_p14_c0,PPT_BaharMartonosi_page_006_p6_c0,0,False,0.0
这段内容主要讲解的是什么数学规则？,3,PPT_StewartCalcET7e_03_02_page_014_p14_c0,"PPT_BaharMartonosi_page_006_p6_c0,PPT_CalculusReview_page_009_p9_c0,PPT_1001115_eng_page_015_p15_c0",0,False,0.0
这段内容主要讲解的是什么数学规则？,5,PPT_StewartCalcET7e_03_02_page_014_p14_c0,"PPT_BaharMartonosi_page_006_p6_c0,PPT_CalculusReview_page_009_p9_c0,PPT_1001115_eng_page_015_p15_c0,PPT_lay_linalg5_01_05_page_009_p9_c2,PPT_all655920_page_002_p2_c0",0,False,0.0
如何求两个可导函数的商的导数规则？,1,PPT_StewartCalcET7e_03_02_page_014_p14_c0,PPT_StewartCalcET7e_03_02_page_014_p14_c0,1,True,1.0
如何求两个可导函数的商的导数规则？,3,PPT_StewartCalcET7e_03_02_page_014_p14_c0,"PPT_StewartCalcET7e_03_02_page_014_p14_c0,PPT_CalculusReview_page_002_p2_c0,PPT_CalculusReview_page_004_p4_c0",1,True,1.0
如何求两个可导函数的商的导数规则？,5,PPT_StewartCalcET7e_03_02_page_014_p14_c0,"PPT_StewartCalcET7e_03_02_page_014_p14_c0,PPT_CalculusReview_page_002_p2_c0,PPT_CalculusReview_page_004_p4_c0,PPT_StewartCalcET7e_03_02_page_010_p10_c0,PPT_StewartCalcET7e_03_02_page_012_p12_c0",1,True,1.0
这段对话属于哪个对话编号？,1,PPT_all655920_page_008_p8_c0,PPT_1001115_eng_page_015_p15_c0,0,False,0.0
这段对话属于哪个对话编号？,3,PPT_all655920_page_008_p8_c0,"PPT_1001115_eng_page_015_p15_c0,PPT_lay_linalg5_01_05_page_009_p9_c2,PPT_BaharMartonosi_page_006_p6_c0",0,False,0.0
这段对话属于哪个对话编号？,5,PPT_all655920_page_008_p8_c0,"PPT_1001115_eng_page_015_p15_c0,PPT_lay_linalg5_01_05_page_009_p9_c2,PPT_BaharMartonosi_page_006_p6_c0,PPT_BaharMartonosi_page_007_p7_c0,PPT_B14_Claeys_Consistent Presentation of Images_v2_page_024_p24_c1",0,False,0.0
该系统线性方程组的矩阵表示是什么？,1,PPT_lecture1_page_007_p7_c0,PPT_lay_linalg5_01_05_page_003_p3_c0,0,False,0.0
该系统线性方程组的矩阵表示是什么？,3,PPT_lecture1_page_007_p7_c0,"PPT_lay_linalg5_01_05_page_003_p3_c0,PPT_ch7_page_035_p35_c0,PPT_lecture1_page_007_p7_c0",3,True,1.0
该系统线性方程组的矩阵表示是什么？,5,PPT_lecture1_page_007_p7_c0,"PPT_lay_linalg5_01_05_page_003_p3_c0,PPT_ch7_page_035_p35_c0,PPT_lecture1_page_007_p7_c0,PPT_ch7_page_142_p142_c1,PPT_lecture1_page_005_p5_c0",3,True,1.0
该技术的名称是什么？,1,PPT_B14_Claeys_Consistent Presentation of Images_v2_page_013_p13_c0,PPT_BaharMartonosi_page_006_p6_c0,0,False,0.0
该技术的名称是什么？,3,PPT_B14_Claeys_Consistent Presentation of Images_v2_page_013_p13_c0,"PPT_BaharMartonosi_page_006_p6_c0,PPT_1001115_eng_page_015_p15_c0,PPT_1001115_eng_page_003_p3_c0",0,False,0.0
该技术的名称是什么？,5,PPT_B14_Claeys_Consistent Presentation of Images_v2_page_013_p13_c0,"PPT_BaharMartonosi_page_006_p6_c0,PPT_1001115_eng_page_015_p15_c0,PPT_1001115_eng_page_003_p3_c0,PPT_B14_Claeys_Consistent Presentation of Images_v2_page_024_p24_c1,PPT_BaharMartonosi_page_010_p10_c0",0,False,0.0
文中提到的关于颜色的问题是什么？,1,PPT_B14_Claeys_Consistent Presentation of Images_v2_page_024_p24_c0,PPT_B14_Claeys_Consistent Presentation of Images_v2_page_024_p24_c0,1,True,1.0
文中提到的关于颜色的问题是什么？,3,PPT_B14_Claeys_Consistent Presentation of Images_v2_page_024_p24_c0,"PPT_B14_Claeys_Consistent Presentation of Images_v2_page_024_p24_c0,PPT_MMAT5390Lecture1_page_024_p24_c1,PPT_EnglishtoAmericanTransition_page_017_p17_c0",1,True,1.0
文中提到的关于颜色的问题是什么？,5,PPT_B14_Claeys_Consistent Presentation of Images_v2_page_024_p24_c0,"PPT_B14_Claeys_Consistent Presentation of Images_v2_page_024_p24_c0,PPT_MMAT5390Lecture1_page_024_p24_c1,PPT_EnglishtoAmericanTransition_page_017_p17_c0,PPT_1001115_eng_page_015_p15_c0,PPT_MMAT5390Lecture1_page_024_p24_c0",1,True,1.0
这篇文章的标题是什么？,1,PPT_EnglishtoAmericanTransition_page_005_p5_c0,PPT_BaharMartonosi_page_006_p6_c0,0,False,0.0
这篇文章的标题是什么？,3,PPT_EnglishtoAmericanTransition_page_005_p5_c0,"PPT_BaharMartonosi_page_006_p6_c0,PPT_all655920_page_001_p1_c0,PPT_1001115_eng_page_003_p3_c0",0,False,0.0
这篇文章的标题是什么？,5,PPT_EnglishtoAmericanTransition_page_005_p5_c0,"PPT_BaharMartonosi_page_006_p6_c0,PPT_all655920_page_001_p1_c0,PPT_1001115_eng_page_003_p3_c0,PPT_1001115_eng_page_015_p15_c0,PPT_PresentationSpecification_page_010_p10_c0",0,False,0.0
